datasetId,datasetName,size
gd_ld7ll037kqy322v05,Airbnb Properties Information,
gd_l7j0bx501ockwldaqf,Glassdoor companies overview information,2480000
gd_lyy3tktm25m4avu764,LinkedIn posts,
gd_lcx5utgek9mxrsiie,Zara Home Products,
gd_lh7sn8rz1g95zt4lwk,Hermes- Products,
gd_le60f5v0dj17xgv6u,Carters.com - Products,
gd_lyclm1571iy3mv57zw,Facebook - Posts by post URL,
gd_lemtcp2p2qdyd24vq5,Crateandbarrel - Products,
gd_l1vikfnt1wgvvqz95w,LinkedIn company information,55000000
gd_lhotzucw1etoe5iw1k,Amazon sellers info,
gd_lk0zv93c2m9qdph46z,Pinterest - Profiles,
gd_lnsxoxzi1omrwnka5r,Google News,
gd_luz4fboh2dicd27hhm,"""Wildberries.ru products """,
gd_ltppk5mx2lp0v1k0vo,Target,
gd_lyclm3ey2q6rww027t,Facebook - Reels by profile URL,
gd_m0ci4a4ivx3j5l6nx,Zoominfo companies information,
gd_ltppk50q18kdw67omz,Google Shopping,
gd_lsk382l8xei8vzm4u,Google Play Store,
gd_lkaxegm826bjpoo9m5,Facebook - Pages Posts by Profile URL,
gd_lgugwl0519h1p14rwk,Yelp businesses overview,
gd_lgfcz12mk6og7lvhs,Yapo Chile - marketplace ads,
gd_lg3nvn6ibrhbotstw,Properati Argentina and Colombia - Properties Listings,
gd_lfqkr8wm13ixtbd8f5,Zillow properties listing information,
gd_m45m1u911dsa4274pi,TikTok Shop,
gd_l88xp4k01qnhvyqlvw,G2 software product overview,132000
gd_m23cxdw82ct6k022y3,Creative Commons Images,
gd_lr9978962kkjr3nx49,Wikipedia articles,
gd_lk56epmy2i5g7lzu0k,Youtube - Videos posts,
gd_ltr9ne3p24zrhrbu28,Wayfair products,
gd_lztojazw1389985ops,Trustradius product reviews,
gd_lfsa1vgv183347v45m,Inmuebles24 Mexico - Properties Listings,
gd_m14sd0to1jz48ppm51,Facebook Events,
gd_lxk24yba297r8qd3tp,Tokopedia Products,
gd_lh7o3kqu6wp7qmqkl,Dior - Products,
gd_m4bf7a917zfezv9d5,""" Booking Listings Search""",
gd_m31f2k0d2m1bah4f3b,Google Shopping products search US,
gd_lfsbqgb01iiit5ppju,Chileautos Chile - Cars Listings,
gd_l1vil1d81g0u8763b2,"""Manta businesses """,5600000
gd_l1vijqt9jfj7olije,Crunchbase companies information,
gd_m6hn4r5s27zfhc7w4,Bluesky - Posts,
gd_lftpmbga1jwon80ddh,Infocasas Uruguay - Properties Listings,
gd_l1vilg5a1decoahvgq,Slintel 6sense company information,10880813
gd_lhahz3n9dr6srx4cm,Montblanc - Products,
gd_lfsbhfgo2bglgrecm6,Zonaprop Argentina - Properties Listing,
gd_le2lfu10qrjmrqo60,Ikea - Products,
gd_lguvsr0wp4rx7fjfo,OLX Brazil - marketplace ads,
gd_lreq6ho72fhvovjj7a,"""Goodreads books """,
gd_lcxf9r252p7e46ul5b,"""Massimo Dutti - Products """,
gd_lnabksndfp1pegwzh,Zoopla properties listing information,
gd_m45p78dl1m017wi5lj,Top 500 Bluesky Profiles,
gd_lcyua5iy1go06own9d,Mango Products,
gd_lrqirmftwxxatiorf,NBA players' stats,
gd_lmrpz3vxmz972ghd7,Yahoo Finance business information,
gd_lemtwv4s1mglzlzh57,llbean.com - Products,
gd_le8e811kzy4ggddlq,Amazon Reviews,
gd_lm5zmhwd2sni130p,Trustpilot business reviews,
gd_l7j1po0921hbu0ri1z,Glassdoor companies reviews,2480000
gd_lgfdx3l01behlrboh7,Toctoc - Properties Listings,
gd_lwxkxvnf1cynvib9co,X (formerly Twitter) - Posts,
gd_lwxmeb2u1cniijd7t4,X (formerly Twitter) - Profiles,
gd_l1vijixj9g2vp7563,Amazon best seller products,1600000
gd_lxu1cz9r88uiqsosl,Zillow price history,
gd_ld739mwou49s5y9ko,Otodom Poland,
gd_lxk88z3v1ketji4pn,Vimeo - Videos posts,
gd_m517agnc1jppzwgtmw,Realtor international properties listings,
gd_lhai2io04wilkad5z,Ysl.com - Products,
gd_lbqsfpfk71ubir3pi,Fendi Products,
gd_lhahvbli142qv9r0v1,Delvaux - Products,
gd_lpfbbndm1xnopbrcr0,Glassdoor job listings information,
gd_lmusivh019i7g97q2n,"""Home Depot US """,
gd_m9qqjxxr1hab7okefj,"""Naver products """,
gd_ltre1jqe1jfr7cccf,Best Buy products,
gd_lk14r4zxuiw2uxpk6,Lazada - Products,
gd_l1viktl72bvl7bjuj0,LinkedIn people profiles,
gd_lfjty8942ogxzhmp8t,"""Mouser - Products """,
gd_lnvl79pfftqh18u2o,Lowes.com,
gd_licvqc95ta2552qxu,"""World zipcodes """,
gd_m7ke48w81ocyu4hhz0,Walmart sellers info,
gd_m6zagkt024uwvvwuyu,Google Play Store reviews,
gd_ltppn085pokosxh13,Instagram - Comments,
gd_lk0sjs4d21kdr7cnlv,"""Pinterest - Posts """,
gd_lvz1rbj81afv3m6n5y,"""Quora posts """,
gd_lbz49igcthopwaygd,Sephora products,
gd_lebec5ir293umvxh5g,H&M - Products,
gd_l1vilsfd1xpsndbtpr,VentureRadar company information,324988
gd_lf8cwb8wxoiqarizb,Raymourflanigan.com - Products,
gd_lh7rkj4wwka9q19t,Loewe.com - Products,
gd_l3lh4ev31oqrvvblv6,Xing social network,8000000
gd_luzfs1dn2oa0teb81,Google maps reviews,
gd_lemuapao1lkjggvn05,Toysrus  - Products,
gd_lvt9iwuh6fbcwmx1a,Facebook Marketplace,
gd_lvz8ah06191smkebj4,Reddit- Posts,
gd_lkay758p1eanlolqw8,Facebook -  Comments,
gd_legw5t6c2bvw9d7e4k,Mattressfirm - Products,
gd_ldwwuwqe1oh3zav3js,Chanel Products,
gd_m734msue16e0adkbit,"""Apple App Store reviews """,
gd_lk5ns7kz21pck8jpis,Instagram - Posts,
gd_ltr9mjt81n0zzdk1fb,eBay,
gd_le124kuq1uoj7zj8hb,Fanatics.com - Products,
gd_m4jr2hyr2kfhtvba6e,Creative Commons 3D Models,
gd_lhahqiq52egng5v35i,Prada.com - Products,
gd_le1ddqrs16uevi5vc4,Ashleyfurniture - Products,
gd_lwdb4vjm1ehb499uxs,Amazon products search,
gd_lycz8783197ch4wvwg,CNN news,
gd_lu702nij2f790tmv9h,TikTok - Posts,
gd_l1villgoiiidt09ci,TikTok - Profiles,152000000
gd_lk538t2k2p1k3oos71,YouTube - Profiles,
gd_lrqeq7u3bil0pmelk,World population,
gd_l95fol7l1ru6rlo116,"""Walmart - products """,
gd_m4l6s4mn2g2rkx9lia,Amazon Walmart,
gd_lj74waf72416ro0k65,Digikey - Products,
gd_m837ssst155rq3a1xo,Agoda Properties Listings,
gd_lvzdpsdlw09j6t702,Reddit - Comments,
gd_l4dx9j9sscpvs7no2,Indeed job listings information,7380000
gd_lk122xxgf86xf97py,Shopee - products,
gd_lh7os5q91y20h69xj,Bottegaveneta.com - Products,
gd_lemu5ceq1jxjo7vzit,Shein- Products,
gd_m4ijiqfp2n9oe3oluj,pitchbook companies information,
gd_lgzhlu9323u3k24jkv,Yelp businesses reviews,
gd_lh7qnf8rwtn2c2uuc,Celine.com - Products,
gd_lg0nhuxkvxagfannn,La-z-boy.com - Products,
gd_lub6mys21lzcklkq1z,"""Lazada -  Reviews """,
gd_leenwt162rg85apy87,Lego - Products,
gd_le6plu065keypwyir,AE.com - Complete Products,
gd_lbl2lo6y11m37z3gwq,Mediamarkt.de products,
gd_lmyvvktscoojdor83,Home Depot CA,
gd_ly5lkfzd1h8c85feyh,BBC news,
gd_lh7sef5p16tcupyuy3,Berluti.com - Products,
gd_l7q7dkf244hwjntr0,Amazon products,
gd_lfsblgpf2oq16yrbny,Metrocuadrado - Properties Listings,
gd_m487ihp32jtc4ujg45,LinkedIn profiles Jobs Listings,
gd_lyrexgxc24b3d4imjt,Github repository,
gd_lh0tnzlo2bie4uhdhr,Google Maps businesses,
gd_l88xvdka1uao86xvlb,G2 software - product reviews,132000
gd_lf14k1zw1l3zcxs9m4,"""Mybobs.com - Products """,
gd_lct4vafw1tgx27d4o0,"""Zara - Products """,
gd_m5mbdl081229ln6t4a,"""Booking Hotel Listings """,
gd_l1vikf2h1a4t6x8qzu,IMDB media,680000
gd_m2a6waqv18439a8thq,B2B Contacts and Companies' Data - 3rd party dataset,
gd_l3cvjh111l943r4awk,Australia real estate properties,16000000
gd_lyclm20il4r5helnj,Instagram - Reels,
gd_l7qekxkv2i7ve6hx1s,Indeed companies info,
gd_lh7oemkb2f9h596dfn,Balenciaga.com - Products,
gd_ldbg7we91cp53nr2z4,Asos - Products,
gd_lh7rh0d12qkaid87e1,Moynat.com - Products,
gd_lsk9ki3u2iishmwrui,Apple App Store,
gd_m8h7qkn317z9rvlngb,Carsales Cars Listings search page information,
gd_l1vilaxi10wutoage7,Owler companies information,
gd_m18zt6ec11wfqohyrs,Employees business enriched dataset,
gd_lbqj6l5s28ofha6mlk,Zalando products,
gd_m5zhkpdgryvlxn8zg,Pitchbook People Profiles,
gd_l1vikfch901nx3by4,Instagram - Profiles,620000000
gd_lz11l67o2cb3r0lkj3,Facebook - Posts by group URL,
gd_lptvxr8b1qx1d9thgp,"""Myntra products """,
gd_lwhideng15g8jg63s7,Amazon products global dataset,
gd_lf8ctgxj1dpkzvl862,Sleepnumber.com - Products,
gd_lutq85sl13rlndbzai,Ozon.ru products,
gd_lk9q0ew71spt1mxywf,Youtube - Comments,
gd_lpfll7v5hcqtkxl6l,Linkedin job listings information,
gd_ltppk0jdv1jqz25mz,Etsy,
gd_lkf2st302ap89utw5k,TikTok - Comments,
gd_m0dtqpiu1mbcyc2g86,Facebook Company Reviews,
gd_m3fl0mwzmfpfn4cw4,Companies information enriched dataset,
gd_l1vil5n11okchcbvax,US lawyers directory,1429324
gd_lmyz3niiams9jwstw,"""Nordstrom products """,
gd_lwd9icor28eg4srnxi,Lazada products search (GMV),
gd_ld73zt91j10sphddj,Webmotors Brasil - Cars Listings,352000